id,ret
75,11111.11
193,72
209,27
399,260
692,9.5
900,60000
943,690
1003,43
1171,2.387513
1482,5
1650,388
1714,180
1875,6.666667
2283,6
2325,78
3016,40
3165,30
3245,42
3516,160
3599,0.666667
4208,67.04
4439,32
4615,3.987
4622,18
4859,5399
4921,8
5151,11.2
5647,36
5964,530
7528,240
7536,1300
7645,336
7895,20
8949,466
9200,30
9670,36
9686,1
10131,633.3
10346,0.42
10592,314
10762,4
10794,4
10827,20
10996,9
11053,283
11171,743
11370,10
11396,6
11858,4425
11992,2724
